surface,device,status,runsOk,runsTotal,score,lcp,inp,cls,tbt,si,fcp,jsBytes,requests,scoreMin,scoreMax,topFixes,url,lighthouseVersion,representativeReport,error
receptionist-dashboard,desktop,FAILED,0,3,,,n/a (lab),,,,,,,,,,http://localhost:3000/hospital/receptionist/dashboard,13.5.0,,page data failed to load (404 /api/hospitals/50000000-0000-0000-0001-000000000000/receptionist/dashboard)
receptionist-dashboard,mobile,FAILED,0,3,,,n/a (lab),,,,,,,,,,http://localhost:3000/hospital/receptionist/dashboard,13.5.0,,page data failed to load (404 /api/hospitals/50000000-0000-0000-0001-000000000000/receptionist/dashboard)
pharmacy-dashboard,mobile,ok,3,3,28,8112,n/a (lab),0.3091,1344,4454,1085,702100,86,27,37,Reduce unused JavaScript (Est savings of 265 KiB) — ~1650 ms LCP; Reduce JavaScript execution time (6.7 s) — ~1600 ms TBT; Minimize main-thread work (9.2 s) — ~1350 ms TBT,http://localhost:3000/pharmacy/dashboard,13.5.0,reports/pharmacy-dashboard__mobile__run1.report.html,
doctor-dashboard,mobile,ok,3,3,54,4800,n/a (lab),0.2572,595,1683,1096,441559,75,53,57,Reduce unused JavaScript (Est savings of 124 KiB) — ~950 ms LCP; Reduce JavaScript execution time (1.6 s) — ~700 ms TBT; Minimize main-thread work (3.2 s) — ~600 ms TBT,http://localhost:3000/hospital/doctor/dashboard,13.5.0,reports/doctor-dashboard__mobile__run2.report.html,
signup,mobile,ok,3,3,60,6136,n/a (lab),0,783,2134,1077,437600,26,59,61,Reduce unused JavaScript (Est savings of 153 KiB) — ~810 ms load; Minimize main-thread work (2.9 s) — ~800 ms TBT; Reduce JavaScript execution time (1.6 s) — ~750 ms TBT,http://localhost:3000/signup,13.5.0,reports/signup__mobile__run2.report.html,
staff-dashboard-cashier,mobile,ok,3,3,62,5551,n/a (lab),0,455,4695,1068,436165,67,59,65,Reduce unused JavaScript (Est savings of 124 KiB) — ~700 ms LCP; Reduce JavaScript execution time (1.6 s) — ~650 ms TBT; Minimize main-thread work (2.9 s) — ~600 ms TBT,http://localhost:3000/staff/dashboard,13.5.0,reports/staff-dashboard-cashier__mobile__run1.report.html,
nurse-dashboard,mobile,ok,3,3,65,5081,n/a (lab),0.0059,628,1425,1086,437202,69,64,66,Reduce unused JavaScript (Est savings of 124 KiB) — ~960 ms load; Reduce JavaScript execution time (1.5 s) — ~650 ms TBT; Minimize main-thread work (3.1 s) — ~600 ms TBT,http://localhost:3000/hospital/nurse/dashboard,13.5.0,reports/nurse-dashboard__mobile__run1.report.html,
staff-dashboard-pharmacist,mobile,ok,3,3,65,5589,n/a (lab),0,451,4860,2213,436165,67,62,72,Reduce unused JavaScript (Est savings of 124 KiB) — ~950 ms LCP; Reduce JavaScript execution time (1.4 s) — ~500 ms TBT; Render-blocking requests (Est savings of 450 ms) — ~450 ms LCP,http://localhost:3000/staff/dashboard,13.5.0,reports/staff-dashboard-pharmacist__mobile__run1.report.html,
hospital-admin-dashboard,mobile,ok,3,3,66,5108,n/a (lab),0,597,2619,1066,822020,84,58,67,Reduce unused JavaScript (Est savings of 388 KiB) — ~1050 ms LCP; Reduce JavaScript execution time (2.8 s) — ~750 ms TBT; Minimize main-thread work (4.4 s) — ~600 ms TBT,http://localhost:3000/hospital/admin/dashboard,13.5.0,reports/hospital-admin-dashboard__mobile__run2.report.html,
branch-dashboard,mobile,ok,3,3,68,5712,n/a (lab),0,438,3145,1074,429620,64,65,68,Reduce unused JavaScript (Est savings of 124 KiB) — ~900 ms LCP; Legacy JavaScript (Est savings of 24 KiB) — ~450 ms LCP; Render-blocking requests (Est savings of 450 ms) — ~450 ms LCP,http://localhost:3000/branch/dashboard,13.5.0,reports/branch-dashboard__mobile__run2.report.html,
landing,mobile,ok,3,3,72,4213,n/a (lab),0,530,1235,1080,407411,32,72,75,Reduce unused JavaScript (Est savings of 124 KiB) — ~670 ms load; Minimize main-thread work (2.3 s) — ~550 ms TBT; Render-blocking requests (Est savings of 450 ms) — ~450 ms LCP,http://localhost:3000/,13.5.0,reports/landing__mobile__run1.report.html,
login,mobile,ok,3,3,83,2987,n/a (lab),0,458,1065,1065,405703,32,83,83,Render-blocking requests (Est savings of 430 ms) — ~450 ms LCP; Reduce unused JavaScript (Est savings of 125 KiB) — ~450 ms LCP; Minimize main-thread work (2.3 s) — ~450 ms TBT,http://localhost:3000/login,13.5.0,reports/login__mobile__run1.report.html,
pharmacy-dashboard,desktop,ok,3,3,87,2046,n/a (lab),0.0279,70,1796,301,702100,86,81,88,Reduce unused JavaScript (Est savings of 265 KiB) — ~300 ms LCP; Render-blocking requests (Est savings of 130 ms) — ~150 ms LCP,http://localhost:3000/pharmacy/dashboard,13.5.0,reports/pharmacy-dashboard__desktop__run2.report.html,
doctor-dashboard,desktop,ok,3,3,88,1133,n/a (lab),0.2007,25,634,310,441559,75,88,89,Render-blocking requests (Est savings of 130 ms) — ~150 ms LCP; Reduce unused JavaScript (Est savings of 124 KiB) — ~110 ms load; Legacy JavaScript (Est savings of 24 KiB) — ~50 ms LCP,http://localhost:3000/hospital/doctor/dashboard,13.5.0,reports/doctor-dashboard__desktop__run1.report.html,
signup,desktop,ok,3,3,89,2194,n/a (lab),0,43,604,308,437600,28,88,91,Improve image delivery (Est savings of 124 KiB) — ~250 ms LCP; Reduce unused JavaScript (Est savings of 153 KiB) — ~150 ms LCP; Render-blocking requests (Est savings of 70 ms) — ~50 ms FCP,http://localhost:3000/signup,13.5.0,reports/signup__desktop__run3.report.html,
staff-dashboard-pharmacist,desktop,ok,3,3,93,1694,n/a (lab),0,21,1350,298,436165,66,88,95,Reduce unused JavaScript (Est savings of 124 KiB) — ~170 ms load; Render-blocking requests (Est savings of 130 ms) — ~150 ms LCP; Legacy JavaScript (Est savings of 24 KiB) — ~100 ms LCP,http://localhost:3000/staff/dashboard,13.5.0,reports/staff-dashboard-pharmacist__desktop__run1.report.html,
staff-dashboard-cashier,desktop,ok,3,3,95,1413,n/a (lab),0,18,1343,300,436165,67,94,95,Render-blocking requests (Est savings of 130 ms) — ~150 ms LCP; Reduce unused JavaScript (Est savings of 124 KiB) — ~150 ms LCP; Legacy JavaScript (Est savings of 24 KiB) — ~100 ms LCP,http://localhost:3000/staff/dashboard,13.5.0,reports/staff-dashboard-cashier__desktop__run1.report.html,
branch-dashboard,desktop,ok,3,3,96,1393,n/a (lab),0,28,827,307,429620,64,95,97,Render-blocking requests (Est savings of 130 ms) — ~150 ms LCP; Legacy JavaScript (Est savings of 24 KiB) — ~100 ms LCP; Reduce unused JavaScript (Est savings of 124 KiB) — ~100 ms LCP,http://localhost:3000/branch/dashboard,13.5.0,reports/branch-dashboard__desktop__run1.report.html,
hospital-admin-dashboard,desktop,ok,3,3,98,1118,n/a (lab),0,0,803,299,822020,84,93,98,Reduce unused JavaScript (Est savings of 388 KiB) — ~200 ms LCP; Render-blocking requests (Est savings of 130 ms) — ~150 ms LCP,http://localhost:3000/hospital/admin/dashboard,13.5.0,reports/hospital-admin-dashboard__desktop__run1.report.html,
nurse-dashboard,desktop,ok,3,3,98,1052,n/a (lab),0.0023,67,594,331,437202,69,97,98,Reduce unused JavaScript (Est savings of 124 KiB) — ~160 ms load; Render-blocking requests (Est savings of 150 ms) — ~150 ms LCP; Legacy JavaScript (Est savings of 24 KiB) — ~50 ms LCP,http://localhost:3000/hospital/nurse/dashboard,13.5.0,reports/nurse-dashboard__desktop__run1.report.html,
landing,desktop,ok,3,3,99,867,n/a (lab),0,35,478,311,407411,32,99,99,Reduce unused JavaScript (Est savings of 124 KiB) — ~150 ms LCP; Render-blocking requests (Est savings of 120 ms) — ~100 ms LCP; Legacy JavaScript (Est savings of 24 KiB) — ~50 ms LCP,http://localhost:3000/,13.5.0,reports/landing__desktop__run1.report.html,
login,desktop,ok,3,3,100,522,n/a (lab),0,43,313,313,405703,32,100,100,Reduce unused JavaScript (Est savings of 125 KiB) — ~120 ms load; Legacy JavaScript (Est savings of 24 KiB) — ~50 ms LCP; Render-blocking requests (Est savings of 70 ms) — ~50 ms LCP,http://localhost:3000/login,13.5.0,reports/login__desktop__run1.report.html,
